Student_ID,Branch,Year,Semester,Gender,Study_Hours_Per_Week,Attendance_Percentage,Assignment_Average,Internal_Marks,External_Marks,CGPA,Backlogs,Placement_Status
STU0001,ECE,4,8,Female,22,64,69,81,50,8.19,0,Placed
STU0002,AI & DS,2,3,Male,6,65,75,62,66,7.85,0,Not Eligible
STU0003,IT,1,1,Male,14,78,53,56,61,5.92,2,Not Eligible
STU0004,ECE,3,6,Male,13,71,57,69,76,6.53,0,Placed
STU0005,CSE,1,1,Male,18,82,75,73,80,7.55,0,Not Eligible
STU0006,IT,2,4,Female,28,79,81,84,62,7.55,0,Not Eligible
STU0007,ECE,4,8,Male,10,91,84,75,73,7.48,0,Not Placed
STU0008,ECE,4,8,Male,30,83,66,73,65,6.51,1,Placed
STU0009,CSE,4,7,Female,19,96,84,84,55,7.86,0,Placed
STU0010,AI & DS,2,3,Female,28,87,88,94,80,8.44,0,Not Eligible
STU0011,AI & DS,3,6,Female,17,82,75,77,76,8.33,0,Placed
STU0012,IT,3,5,Male,11,79,66,54,71,6.46,0,Placed
STU0013,ECE,2,4,Male,13,70,55,52,56,6.37,0,Not Eligible
STU0014,IT,3,5,Female,14,78,49,48,48,4.94,0,Not Placed
STU0015,AI & DS,1,1,Male,13,68,61,58,64,6.87,1,Not Eligible
STU0016,CSE,1,2,Female,25,93,79,85,67,7.45,0,Not Eligible
STU0017,AIML,2,4,Male,22,91,70,81,48,6.75,0,Not Eligible
STU0018,CSE,1,2,Female,13,72,52,60,62,7.3,0,Not Eligible
STU0019,IT,1,2,Male,20,89,76,73,69,7.44,0,Not Eligible
STU0020,AIML,4,7,Male,6,65,45,30,50,4.85,0,Not Placed
STU0021,ECE,4,8,Male,5,66,60,64,61,6.49,0,Placed
STU0022,AI & DS,3,6,Male,22,83,70,74,70,7.14,0,Not Placed
STU0023,IT,4,7,Female,11,60,70,61,61,7.17,0,Placed
STU0024,IT,4,7,Male,10,82,62,50,37,6.1,0,Placed
STU0025,ECE,1,2,Male,3,55,53,44,72,6.21,1,Not Eligible
STU0026,CSE,2,3,Female,11,83,75,71,71,7.1,0,Not Eligible
STU0027,AIML,2,4,Female,30,92,84,87,72,8.11,0,Not Eligible
STU0028,CSE,1,1,Male,24,90,75,89,78,7.83,0,Not Eligible
STU0029,CSE,3,5,Female,14,71,52,77,50,7.01,0,Not Placed
STU0030,ECE,2,3,Male,19,58,42,38,36,5.35,4,Not Eligible
STU0031,ECE,2,3,Female,18,71,55,45,57,5.58,0,Not Eligible
STU0032,IT,1,2,Male,2,56,47,36,74,5.89,0,Not Eligible
STU0033,AI & DS,1,2,Male,11,74,74,77,72,7.51,0,Not Eligible
STU0034,AI & DS,4,8,Male,27,84,75,85,71,7.5,0,Not Placed
STU0035,AIML,1,2,Male,4,81,79,66,60,7.43,0,Not Eligible
STU0036,CSE,1,1,Male,11,75,64,63,66,6.92,0,Not Eligible
STU0037,CSE,2,4,Male,5,69,58,45,70,6.13,0,Not Eligible
STU0038,AIML,2,4,Female,4,70,63,60,62,6.6,0,Not Eligible
STU0039,CSE,3,6,Male,7,86,82,69,25,7.5,0,Placed
STU0040,ECE,2,4,Male,5,55,44,45,70,6.4,0,Not Eligible
STU0041,AI & DS,1,2,Female,14,67,79,83,100,8.99,0,Not Eligible
STU0042,IT,1,2,Female,34,81,72,74,53,7.01,0,Not Eligible
STU0043,ECE,4,8,Female,7,79,72,59,67,6.67,0,Placed
STU0044,AI & DS,3,6,Male,2,55,61,52,48,7.15,0,Placed
STU0045,IT,3,6,Male,11,65,58,61,75,6.73,0,Placed
STU0046,ECE,3,5,Male,29,82,71,82,74,6.87,0,Not Placed
STU0047,AI & DS,3,5,Male,2,61,52,44,27,5.63,0,Placed
STU0048,AI & DS,1,2,Male,15,78,67,73,68,7.17,0,Not Eligible
STU0049,ECE,2,3,Female,2,66,50,41,65,5.5,1,Not Eligible
STU0050,CSE,3,5,Male,15,87,68,58,60,6.15,1,Placed
STU0051,CSE,2,4,Female,5,66,65,54,55,6.27,0,Not Eligible
STU0052,CSE,4,8,Male,7,81,67,60,59,6.44,0,Placed
STU0053,ECE,2,4,Male,18,69,67,58,56,7.3,0,Not Eligible
STU0054,ECE,3,5,Male,14,77,71,68,75,7.5,0,Not Placed
STU0055,ECE,4,7,Female,6,75,59,51,70,5.93,0,Placed
STU0056,ECE,2,4,Male,14,78,63,60,69,6.68,1,Not Eligible
STU0057,AI & DS,4,8,Male,2,71,53,55,47,5.67,0,Not Placed
STU0058,AIML,3,5,Male,23,97,72,84,49,7.36,0,Placed
STU0059,CSE,4,8,Female,11,80,79,79,58,7.53,1,Placed
STU0060,CSE,2,3,Female,15,60,61,66,58,7.64,1,Not Eligible
STU0061,ECE,2,4,Female,18,70,55,57,64,6.22,1,Not Eligible
STU0062,AIML,3,6,Female,10,65,69,58,63,7.62,1,Placed
STU0063,AIML,1,2,Female,15,95,76,68,37,6.29,0,Not Eligible
STU0064,ECE,2,4,Female,21,92,63,68,50,6.28,1,Not Eligible
STU0065,AIML,4,7,Male,18,86,76,72,78,7.98,0,Placed
STU0066,AIML,3,5,Male,5,58,66,59,61,7.93,0,Placed
STU0067,AIML,1,1,Male,11,68,75,62,64,7.38,0,Not Eligible
STU0068,AI & DS,2,4,Male,17,85,63,80,61,7.8,1,Not Eligible
STU0069,CSE,1,2,Male,2,55,35,33,37,4.81,2,Not Eligible
STU0070,AI & DS,1,2,Male,10,64,62,42,53,5.6,0,Not Eligible
STU0071,CSE,4,7,Female,19,83,78,79,70,7.65,1,Placed
STU0072,AI & DS,2,3,Female,12,86,68,72,76,7.43,0,Not Eligible
STU0073,IT,2,4,Male,13,74,58,39,62,6.18,0,Not Eligible
STU0074,CSE,3,6,Female,19,75,72,69,63,7.57,0,Placed
STU0075,CSE,1,2,Male,22,83,79,84,71,7.64,0,Not Eligible
STU0076,AI & DS,2,3,Male,18,74,88,69,93,8.42,0,Not Eligible
STU0077,AI & DS,3,5,Male,26,100,91,95,80,8.51,1,Placed
STU0078,ECE,3,6,Male,17,73,70,82,64,7.78,0,Placed
STU0079,AIML,4,8,Male,6,67,65,52,66,6.83,0,Placed
STU0080,ECE,3,5,Male,10,85,65,66,50,6.85,2,Placed
STU0081,ECE,2,4,Male,22,66,64,62,85,7.69,1,Not Eligible
STU0082,AI & DS,3,5,Male,8,67,50,64,63,6.5,2,Not Placed
STU0083,ECE,4,7,Female,6,71,73,75,86,8.76,0,Placed
STU0084,CSE,3,6,Male,28,92,80,90,77,8.27,0,Placed
STU0085,CSE,4,8,Male,22,68,63,78,66,7.61,0,Placed
STU0086,CSE,4,8,Male,10,74,72,71,71,7.52,0,Placed
STU0087,ECE,4,7,Male,13,92,82,82,73,8.64,0,Placed
STU0088,AIML,1,2,Male,16,74,57,68,60,7.79,0,Not Eligible
STU0089,CSE,3,6,Male,10,59,42,46,61,5.63,1,Not Placed
STU0090,AIML,2,4,Female,27,83,82,85,78,8.66,0,Not Eligible
STU0091,CSE,3,5,Male,6,55,50,34,62,6.42,1,Not Placed
STU0092,ECE,3,6,Female,5,81,74,62,51,6.87,0,Not Placed
STU0093,AI & DS,4,8,Male,27,87,68,67,73,7.11,0,Not Placed
STU0094,AI & DS,4,8,Male,27,72,80,89,59,8.18,0,Placed
STU0095,AI & DS,2,3,Male,20,66,62,63,62,6.95,0,Not Eligible
STU0096,AIML,3,6,Male,20,70,66,61,71,7.2,0,Placed
STU0097,AI & DS,3,5,Male,6,67,59,54,61,7.03,0,Placed
STU0098,CSE,2,3,Male,17,74,82,70,82,8.8,0,Not Eligible
STU0099,CSE,1,2,Male,8,69,75,68,95,8.61,0,Not Eligible
STU0100,IT,1,1,Female,21,91,78,86,84,7.54,0,Not Eligible
STU0101,IT,4,8,Male,2,62,56,63,50,6.54,1,Placed
STU0102,ECE,2,3,Male,16,75,58,66,76,6.62,1,Not Eligible
STU0103,CSE,4,8,Female,8,67,76,66,56,7.88,0,Placed
STU0104,IT,2,4,Male,21,64,62,58,62,6.77,0,Not Eligible
STU0105,ECE,4,8,Female,11,68,54,47,61,6.2,0,Placed
STU0106,ECE,2,3,Female,23,82,78,93,80,7.97,0,Not Eligible
STU0107,AI & DS,4,7,Female,15,71,66,64,73,7.2,0,Placed
STU0108,CSE,1,1,Male,18,80,68,85,74,7.46,0,Not Eligible
STU0109,CSE,3,5,Male,2,56,44,44,53,5.35,1,Placed
STU0110,IT,4,8,Male,23,94,80,77,65,8.14,0,Placed
STU0111,AI & DS,4,7,Female,22,68,79,81,62,9.17,0,Placed
STU0112,CSE,4,7,Female,10,55,53,53,50,7.3,0,Not Placed
STU0113,AI & DS,1,1,Male,10,83,84,82,88,8.78,0,Not Eligible
STU0114,AIML,2,3,Male,2,85,67,59,60,6.48,0,Not Eligible
STU0115,CSE,1,2,Male,9,75,66,84,58,7.42,1,Not Eligible
STU0116,IT,1,2,Male,22,73,72,55,54,6.41,1,Not Eligible
STU0117,ECE,3,5,Male,14,82,71,67,61,6.76,0,Placed
STU0118,ECE,3,6,Female,19,72,77,74,70,7.6,1,Placed
STU0119,AI & DS,4,8,Male,30,74,79,80,73,8,0,Placed
STU0120,AIML,4,7,Male,3,55,51,36,57,5.25,2,Not Placed
STU0121,AIML,3,5,Female,12,83,57,53,55,6.16,0,Placed
STU0122,ECE,4,7,Male,12,71,38,50,57,5.59,3,Not Placed
STU0123,CSE,1,1,Male,3,60,59,57,44,7.07,0,Not Eligible
STU0124,AI & DS,1,1,Female,16,84,94,93,81,9.39,0,Not Eligible
STU0125,CSE,3,5,Male,29,100,95,100,100,9.09,0,Placed
STU0126,AIML,4,8,Male,10,62,46,49,37,5.26,0,Placed
STU0127,AI & DS,1,1,Female,20,78,91,91,76,8.87,0,Not Eligible
STU0128,CSE,2,4,Female,14,77,77,75,76,7.94,1,Not Eligible
STU0129,CSE,3,5,Female,4,59,50,33,42,5.54,1,Placed
STU0130,AIML,1,1,Female,27,96,74,81,82,7.59,1,Not Eligible
STU0131,CSE,2,4,Male,9,60,62,61,79,7.77,0,Not Eligible
STU0132,IT,4,8,Female,4,81,81,69,50,7.47,0,Placed
STU0133,AIML,3,6,Male,2,57,45,34,65,5.45,3,Not Placed
STU0134,AI & DS,1,1,Female,20,86,81,80,57,8.49,0,Not Eligible
STU0135,AIML,4,7,Female,20,75,50,47,73,5.6,0,Placed
STU0136,CSE,2,3,Female,13,73,62,53,73,7.01,0,Not Eligible
STU0137,IT,4,7,Female,18,88,79,82,76,8.29,0,Placed
STU0138,AIML,2,4,Male,15,59,52,47,39,6.8,0,Not Eligible
STU0139,ECE,3,5,Female,15,87,60,62,50,6.72,2,Placed
STU0140,CSE,2,3,Male,12,74,73,69,89,7.89,0,Not Eligible
STU0141,AIML,2,4,Male,14,64,66,58,47,7.74,0,Not Eligible
STU0142,AIML,4,7,Female,7,77,82,75,65,8.07,0,Placed
STU0143,IT,1,1,Female,11,76,74,74,70,7.66,0,Not Eligible
STU0144,AIML,1,1,Male,10,100,90,84,80,8.41,0,Not Eligible
STU0145,AIML,2,3,Male,23,72,69,72,69,7.86,0,Not Eligible
STU0146,CSE,3,6,Male,15,78,72,75,60,7.59,0,Placed
STU0147,AI & DS,4,8,Male,24,81,78,75,64,7.88,0,Placed
STU0148,AIML,4,8,Male,17,86,76,68,75,7.23,0,Not Placed
STU0149,AI & DS,2,3,Female,17,65,57,63,53,6.44,0,Not Eligible
STU0150,CSE,2,4,Male,27,90,78,83,49,7.15,0,Not Eligible
STU0151,IT,1,2,Female,4,65,56,54,62,6.36,0,Not Eligible
STU0152,IT,3,5,Male,19,81,77,80,85,7.55,0,Placed
STU0153,CSE,4,8,Female,23,85,84,78,81,8.84,0,Placed
STU0154,AIML,3,5,Male,10,68,53,67,79,6.86,0,Placed
STU0155,CSE,3,6,Female,23,100,93,98,86,8.81,0,Not Placed
STU0156,ECE,2,4,Female,19,77,79,82,69,7.88,1,Not Eligible
STU0157,AI & DS,4,7,Female,17,72,72,71,71,7.47,0,Placed
STU0158,ECE,2,3,Female,26,59,64,64,46,7.23,0,Not Eligible
STU0159,ECE,1,1,Male,12,65,55,52,38,6.4,1,Not Eligible
STU0160,ECE,2,4,Male,20,61,64,69,66,7.72,1,Not Eligible
STU0161,CSE,1,1,Male,15,78,78,72,63,7.86,0,Not Eligible
STU0162,IT,1,2,Female,24,80,65,71,47,6.48,0,Not Eligible
STU0163,CSE,1,1,Male,8,72,64,54,67,7.26,0,Not Eligible
STU0164,CSE,2,3,Male,6,59,76,61,71,8.11,0,Not Eligible
STU0165,AIML,3,6,Male,20,80,66,84,71,7.26,0,Not Placed
STU0166,AI & DS,2,4,Male,27,90,82,86,64,8.44,0,Not Eligible
STU0167,IT,2,4,Female,19,83,84,76,67,7.76,1,Not Eligible
STU0168,ECE,4,7,Female,25,83,67,61,66,6.35,1,Placed
STU0169,AI & DS,3,5,Female,16,70,71,73,71,7.89,0,Placed
STU0170,IT,3,5,Female,17,64,51,45,57,5.72,1,Not Placed
STU0171,AI & DS,2,4,Female,8,67,61,55,25,6.75,4,Not Eligible
STU0172,AIML,4,8,Male,16,65,55,73,86,7.73,0,Placed
STU0173,CSE,1,1,Female,13,71,65,63,75,7.49,0,Not Eligible
STU0174,IT,2,4,Male,10,72,62,63,50,6.69,2,Not Eligible
STU0175,CSE,4,7,Female,5,58,59,60,88,7.16,0,Not Placed
STU0176,CSE,2,4,Female,8,55,55,55,49,6.51,0,Not Eligible
STU0177,AI & DS,3,6,Male,11,70,73,65,66,7.31,0,Placed
STU0178,IT,3,6,Male,19,84,76,98,65,7.91,0,Placed
STU0179,IT,3,5,Male,16,82,59,71,75,6.55,1,Placed
STU0180,ECE,2,4,Male,20,70,65,66,58,6.89,1,Not Eligible
STU0181,IT,1,1,Female,15,65,56,51,59,6.53,0,Not Eligible
STU0182,IT,2,4,Male,15,85,60,61,64,6.1,0,Not Eligible
STU0183,AIML,1,1,Male,12,74,58,66,58,6.36,1,Not Eligible
STU0184,AI & DS,4,8,Male,13,78,96,93,85,8.87,0,Placed
STU0185,ECE,2,3,Male,18,94,68,90,81,7.7,0,Not Eligible
STU0186,ECE,3,5,Male,28,95,66,79,79,6.43,1,Placed
STU0187,AI & DS,4,8,Male,11,83,63,54,58,6.37,0,Placed
STU0188,CSE,4,8,Male,14,71,61,66,71,7.04,0,Placed
STU0189,ECE,2,3,Male,24,75,82,72,75,8.18,0,Not Eligible
STU0190,CSE,2,4,Male,15,72,70,56,74,7.13,0,Not Eligible
STU0191,IT,4,7,Male,11,80,78,77,71,8.12,0,Placed
STU0192,CSE,3,5,Female,12,67,65,66,77,7.34,0,Placed
STU0193,CSE,4,7,Male,28,97,86,98,55,8.34,0,Placed
STU0194,IT,4,7,Male,10,90,63,65,52,6.14,1,Not Placed
STU0195,CSE,4,7,Female,25,96,89,98,63,8.73,0,Placed
STU0196,CSE,1,1,Male,20,61,59,53,64,6.87,0,Not Eligible
STU0197,AIML,3,5,Male,27,88,85,88,100,8.43,0,Placed
STU0198,IT,1,1,Female,6,87,69,53,68,6.5,0,Not Eligible
STU0199,CSE,3,5,Male,14,88,71,65,65,7.69,0,Placed
STU0200,AI & DS,4,8,Female,17,71,66,75,62,7.75,0,Placed
STU0201,ECE,2,4,Female,11,72,51,53,71,6.5,2,Not Eligible
STU0202,IT,2,3,Female,13,80,77,76,76,7.49,0,Not Eligible
STU0203,AIML,1,1,Female,19,93,77,85,63,7.4,0,Not Eligible
STU0204,CSE,4,8,Male,14,83,70,63,58,6.86,0,Not Placed
STU0205,CSE,1,2,Female,10,75,71,79,87,8.35,0,Not Eligible
STU0206,CSE,1,2,Male,2,66,77,57,57,7.63,1,Not Eligible
STU0207,CSE,1,2,Female,2,69,53,39,55,6.22,0,Not Eligible
STU0208,ECE,1,2,Male,5,57,57,50,70,6.66,1,Not Eligible
STU0209,CSE,2,4,Male,14,69,64,55,65,6.58,1,Not Eligible
STU0210,AIML,2,3,Male,24,95,66,73,60,6.79,0,Not Eligible
STU0211,ECE,2,3,Male,8,74,68,78,74,7.52,1,Not Eligible
STU0212,AIML,1,1,Male,2,61,44,30,50,5.16,0,Not Eligible
STU0213,CSE,1,1,Male,18,75,90,78,63,8.04,0,Not Eligible
STU0214,ECE,2,4,Female,15,67,60,51,68,6.48,2,Not Eligible
STU0215,ECE,1,2,Male,27,94,84,87,79,7.34,1,Not Eligible
STU0216,ECE,3,6,Female,5,72,69,60,59,6.8,0,Placed
STU0217,CSE,1,1,Female,7,76,74,70,63,7.58,0,Not Eligible
STU0218,CSE,2,3,Female,24,76,61,63,72,6.94,0,Not Eligible
STU0219,IT,2,3,Male,23,75,79,71,68,7.82,0,Not Eligible
STU0220,AI & DS,2,4,Female,17,90,73,87,64,7.98,1,Not Eligible
STU0221,AI & DS,1,1,Female,10,75,69,69,55,6.5,0,Not Eligible
STU0222,AIML,1,1,Female,14,66,63,62,80,6.91,1,Not Eligible
STU0223,ECE,4,8,Female,20,96,74,84,71,8.41,0,Placed
STU0224,IT,1,2,Male,7,73,74,74,88,8.17,0,Not Eligible
STU0225,AI & DS,2,4,Male,22,80,84,98,84,8.42,0,Not Eligible
STU0226,IT,2,3,Female,8,58,45,42,50,5.61,1,Not Eligible
STU0227,CSE,2,3,Male,20,83,81,88,78,7.9,0,Not Eligible
STU0228,AIML,2,3,Female,22,70,68,69,79,7.9,0,Not Eligible
STU0229,AIML,4,7,Male,15,78,67,73,60,7.74,1,Placed
STU0230,CSE,4,8,Male,9,80,76,77,88,7.88,1,Placed
STU0231,CSE,1,1,Male,6,72,68,65,75,7.31,0,Not Eligible
STU0232,AI & DS,2,3,Male,7,64,61,53,62,7.11,1,Not Eligible
STU0233,IT,1,2,Female,10,71,65,51,59,6.41,0,Not Eligible
STU0234,AIML,2,3,Male,2,70,43,47,51,5.26,0,Not Eligible
STU0235,IT,3,5,Female,14,72,69,73,65,7.31,1,Placed
STU0236,ECE,1,1,Male,5,55,53,55,39,6.39,2,Not Eligible
STU0237,AIML,2,3,Female,15,83,69,87,80,7.81,0,Not Eligible
STU0238,ECE,4,7,Male,5,70,42,45,61,5.4,1,Not Placed
STU0239,CSE,1,2,Male,16,74,72,70,91,7.73,0,Not Eligible
STU0240,CSE,2,4,Male,11,70,90,85,71,8.71,0,Not Eligible
STU0241,IT,3,5,Male,34,85,79,88,68,7.72,1,Placed
STU0242,ECE,1,1,Female,17,84,60,64,55,6.97,1,Not Eligible
STU0243,CSE,1,1,Female,11,73,53,60,60,7.4,0,Not Eligible
STU0244,AIML,1,2,Male,17,77,88,87,73,8.91,0,Not Eligible
STU0245,AIML,4,8,Male,3,55,45,37,49,5.64,0,Not Placed
STU0246,IT,1,2,Male,16,89,81,76,49,7.46,1,Not Eligible
STU0247,AIML,1,1,Male,35,81,65,83,51,7.14,1,Not Eligible
STU0248,AI & DS,1,1,Male,11,80,71,72,70,7.16,1,Not Eligible
STU0249,AI & DS,1,1,Male,19,64,70,73,71,7.43,0,Not Eligible
STU0250,AI & DS,3,5,Male,18,80,83,74,78,8.83,0,Placed
STU0251,ECE,1,1,Female,12,81,79,81,70,8.4,0,Not Eligible
STU0252,IT,3,6,Male,6,55,57,54,55,6.78,0,Not Placed
STU0253,AI & DS,3,5,Male,10,63,63,47,61,6.84,1,Placed
STU0254,CSE,4,8,Male,11,75,87,80,90,9.22,0,Placed
STU0255,CSE,1,2,Male,10,55,59,44,60,6.47,0,Not Eligible
STU0256,ECE,4,8,Male,13,94,68,71,81,6.76,0,Placed
STU0257,ECE,3,5,Female,6,83,47,60,48,5.35,2,Not Placed
STU0258,CSE,1,2,Male,8,69,83,81,83,7.99,1,Not Eligible
STU0259,CSE,4,7,Female,4,67,66,58,88,7.62,0,Placed
STU0260,AIML,4,7,Female,2,55,68,66,86,8.31,0,Placed
STU0261,CSE,1,1,Female,14,83,61,65,71,6.24,0,Not Eligible
STU0262,IT,4,7,Female,10,86,83,82,79,8.31,0,Not Placed
STU0263,AI & DS,2,4,Male,9,77,70,71,68,7.52,2,Not Eligible
STU0264,CSE,3,6,Male,24,79,79,83,74,8.23,0,Placed
STU0265,IT,4,8,Male,15,88,62,72,49,6.07,0,Placed
STU0266,CSE,2,3,Female,8,74,79,80,73,8.3,0,Not Eligible
STU0267,AI & DS,4,7,Female,2,55,51,49,67,7.47,0,Not Placed
STU0268,CSE,2,4,Male,23,81,82,80,68,7.52,0,Not Eligible
STU0269,CSE,4,7,Male,24,97,86,96,82,8.32,1,Placed
STU0270,CSE,3,6,Male,13,83,70,68,63,6.78,1,Placed
STU0271,CSE,1,2,Male,25,95,70,88,86,7.37,0,Not Eligible
STU0272,CSE,2,4,Female,3,63,54,50,89,6.41,0,Not Eligible
STU0273,CSE,2,4,Male,35,90,64,77,72,6.54,0,Not Eligible
STU0274,AIML,1,1,Male,3,70,76,63,65,7.5,0,Not Eligible
STU0275,ECE,1,1,Male,25,77,73,67,74,8.04,0,Not Eligible
STU0276,AI & DS,2,3,Male,2,55,56,44,41,6.32,0,Not Eligible
STU0277,AI & DS,1,1,Male,18,76,71,70,55,7.82,0,Not Eligible
STU0278,AIML,1,1,Female,26,99,79,79,61,7.66,0,Not Eligible
STU0279,IT,3,6,Male,7,66,62,67,65,7.04,2,Not Placed
STU0280,IT,3,5,Male,16,90,77,74,79,6.9,1,Placed
STU0281,CSE,3,6,Male,19,77,54,64,80,6.68,0,Not Placed
STU0282,CSE,2,4,Male,19,74,70,73,79,8.15,0,Not Eligible
STU0283,CSE,4,8,Male,22,91,69,83,88,7.71,0,Placed
STU0284,CSE,3,5,Male,13,80,80,90,82,8.91,0,Placed
STU0285,AIML,1,2,Male,7,60,53,47,68,6.67,0,Not Eligible
STU0286,AI & DS,1,1,Male,10,78,56,62,51,6.72,0,Not Eligible
STU0287,CSE,3,5,Female,11,83,78,85,90,8.37,0,Placed
STU0288,AI & DS,1,1,Female,12,83,70,67,70,8.19,0,Not Eligible
STU0289,AIML,2,3,Female,6,55,55,53,58,7.14,0,Not Eligible
STU0290,CSE,4,7,Male,16,85,88,79,77,8.32,0,Placed
STU0291,IT,1,1,Female,19,74,63,61,56,6.54,0,Not Eligible
STU0292,CSE,1,2,Female,16,77,69,65,73,7.18,0,Not Eligible
STU0293,IT,4,7,Male,7,55,48,48,56,6.36,3,Not Placed
STU0294,CSE,3,5,Male,14,64,45,62,46,5.99,1,Not Placed
STU0295,IT,1,2,Male,6,78,58,58,61,6.69,0,Not Eligible
STU0296,IT,4,8,Female,18,85,83,85,84,8.42,0,Placed
STU0297,IT,4,8,Male,15,70,71,77,64,7.26,0,Placed
STU0298,ECE,3,5,Male,7,81,60,49,49,5.69,3,Not Placed
STU0299,ECE,3,6,Female,13,68,51,57,68,5.4,2,Not Placed
STU0300,ECE,2,4,Male,16,84,78,82,86,8.32,0,Not Eligible
STU0301,ECE,1,1,Female,13,68,59,67,50,6.53,3,Not Eligible
STU0302,CSE,3,5,Female,10,67,56,59,67,6.43,0,Placed
STU0303,AIML,2,4,Female,10,72,61,61,83,6.73,0,Not Eligible
STU0304,AIML,3,5,Female,13,64,60,47,74,5.72,0,Placed
STU0305,IT,4,7,Male,7,59,58,57,80,7.72,0,Not Placed
STU0306,AIML,1,2,Female,17,76,64,66,61,6.92,0,Not Eligible
STU0307,AI & DS,3,6,Female,15,88,95,94,76,8.94,0,Placed
STU0308,AIML,1,2,Female,6,55,48,48,69,6.6,0,Not Eligible
STU0309,CSE,4,8,Male,17,65,71,71,91,8.29,0,Placed
STU0310,CSE,1,2,Male,9,79,69,67,76,7.42,0,Not Eligible
STU0311,AIML,3,5,Male,16,74,73,79,77,7.89,0,Not Placed
STU0312,AI & DS,3,5,Male,11,73,67,79,80,8.05,0,Placed
STU0313,CSE,2,4,Male,3,55,63,48,64,7.12,0,Not Eligible
STU0314,AI & DS,3,5,Female,2,59,66,51,71,7.27,1,Placed
STU0315,AI & DS,3,5,Female,21,76,74,75,76,7.5,0,Placed
STU0316,AI & DS,3,6,Female,26,91,92,100,97,9.63,0,Placed
STU0317,AI & DS,3,6,Male,3,55,51,50,42,6.12,0,Not Placed
STU0318,ECE,4,7,Male,26,91,70,72,78,7.28,0,Placed
STU0319,AI & DS,2,3,Male,20,78,73,74,67,7.83,0,Not Eligible
STU0320,IT,2,4,Male,28,66,78,65,62,7.45,1,Not Eligible
STU0321,IT,1,1,Male,16,91,73,71,71,7.04,0,Not Eligible
STU0322,AIML,4,8,Male,11,71,61,73,85,7.23,0,Not Placed
STU0323,AI & DS,2,4,Male,11,68,67,54,66,7.25,1,Not Eligible
STU0324,AIML,2,4,Male,6,57,37,30,50,5.32,2,Not Eligible
STU0325,IT,1,1,Male,4,64,51,46,68,6.5,0,Not Eligible
STU0326,ECE,4,8,Male,19,95,62,72,56,6.41,0,Placed
STU0327,ECE,2,3,Male,17,58,40,44,44,5.1,1,Not Eligible
STU0328,AIML,3,6,Female,12,71,70,66,67,7.12,0,Placed
STU0329,AIML,1,1,Male,7,64,66,65,69,7.12,1,Not Eligible
STU0330,AI & DS,4,7,Male,2,56,65,44,75,7.35,0,Not Placed
STU0331,ECE,1,2,Male,15,74,62,74,71,7.24,0,Not Eligible
STU0332,CSE,1,1,Female,9,69,47,44,50,5.46,0,Not Eligible
STU0333,ECE,4,8,Male,13,87,61,64,72,5.92,1,Not Placed
STU0334,IT,4,8,Female,13,89,86,80,100,8.88,1,Placed
STU0335,CSE,1,1,Male,29,76,62,68,52,6.7,1,Not Eligible
STU0336,AIML,2,3,Female,14,73,73,71,61,7.64,0,Not Eligible
STU0337,CSE,3,6,Female,16,94,73,83,60,7.19,0,Placed
STU0338,ECE,4,7,Male,4,62,57,40,63,6.4,1,Placed
STU0339,CSE,2,3,Female,13,76,72,62,73,6.74,0,Not Eligible
STU0340,IT,2,3,Male,24,82,76,73,78,7.88,0,Not Eligible
STU0341,CSE,3,5,Female,24,80,80,81,67,7.73,0,Placed
STU0342,IT,3,6,Male,9,56,54,51,62,6.18,0,Placed
STU0343,ECE,4,7,Male,9,83,52,65,49,5.98,0,Placed
STU0344,AIML,3,6,Female,24,87,73,79,72,7.85,0,Placed
STU0345,ECE,1,1,Female,13,92,60,69,72,6.13,0,Not Eligible
STU0346,ECE,4,8,Male,12,74,62,73,49,7.12,0,Placed
STU0347,IT,4,7,Female,8,76,85,72,77,9.05,0,Placed
STU0348,CSE,4,7,Male,6,89,87,84,76,8.38,0,Placed
STU0349,AIML,1,2,Male,21,71,78,79,79,7.81,0,Not Eligible
STU0350,CSE,1,1,Female,16,60,62,57,82,6.96,0,Not Eligible
STU0351,AIML,3,5,Male,19,84,56,52,56,5.82,0,Placed
STU0352,CSE,1,2,Male,15,70,46,60,44,6.14,0,Not Eligible
STU0353,AIML,4,7,Female,14,70,74,65,57,8.04,0,Placed
STU0354,AIML,2,3,Male,8,73,60,55,62,6.45,0,Not Eligible
STU0355,AIML,3,5,Male,35,100,82,90,50,7.61,0,Placed
STU0356,AIML,4,8,Male,4,55,63,50,74,6.38,2,Not Placed
STU0357,ECE,2,4,Female,19,74,63,54,43,6.05,1,Not Eligible
STU0358,ECE,2,4,Male,11,69,55,44,67,5.61,1,Not Eligible
STU0359,AIML,3,6,Male,13,74,62,66,58,7.14,0,Not Placed
STU0360,AIML,3,5,Female,7,71,55,59,64,6.27,0,Placed
STU0361,IT,2,3,Male,15,77,62,76,100,6.58,0,Not Eligible
STU0362,CSE,3,5,Male,24,76,62,59,48,6.92,0,Not Placed
STU0363,CSE,4,7,Female,19,75,76,75,72,7.77,1,Placed
STU0364,CSE,2,3,Female,14,84,74,65,48,7.32,0,Not Eligible
STU0365,ECE,1,2,Male,2,55,43,47,51,5.93,1,Not Eligible
STU0366,AI & DS,2,4,Female,20,85,89,79,83,8.44,0,Not Eligible
STU0367,ECE,2,4,Female,14,76,64,59,60,6.74,1,Not Eligible
STU0368,ECE,1,2,Male,14,81,57,62,56,6.78,2,Not Eligible
STU0369,AI & DS,1,2,Female,2,69,68,61,75,7.52,0,Not Eligible
STU0370,IT,3,5,Female,5,78,72,68,62,7.41,0,Placed
STU0371,ECE,2,4,Male,15,71,66,63,65,6.66,0,Not Eligible
STU0372,CSE,4,8,Male,8,79,68,66,56,7.28,0,Placed
STU0373,AI & DS,1,1,Female,15,76,70,57,55,6.99,0,Not Eligible
STU0374,AI & DS,1,1,Female,26,88,75,83,85,7.37,0,Not Eligible
STU0375,CSE,3,6,Male,2,71,62,62,70,7.44,1,Placed
STU0376,CSE,4,7,Female,19,88,73,88,83,7.99,0,Placed
STU0377,IT,2,4,Female,19,60,69,58,81,7.27,0,Not Eligible
STU0378,AI & DS,1,2,Female,11,77,80,61,60,7.74,1,Not Eligible
STU0379,AI & DS,1,1,Female,2,71,68,59,62,7.19,0,Not Eligible
STU0380,ECE,2,3,Male,23,75,79,81,64,7.56,0,Not Eligible
STU0381,AIML,2,3,Male,2,58,67,55,88,7.21,0,Not Eligible
STU0382,IT,1,1,Male,23,77,80,77,82,8.02,1,Not Eligible
STU0383,ECE,1,1,Male,7,55,46,40,62,6.15,1,Not Eligible
STU0384,AIML,2,4,Male,13,74,86,86,83,8.24,0,Not Eligible
STU0385,AI & DS,4,7,Female,16,63,70,59,89,7.57,0,Placed
STU0386,IT,3,5,Female,23,84,76,77,72,7.96,0,Placed
STU0387,ECE,2,3,Male,18,80,66,73,61,7.15,1,Not Eligible
STU0388,IT,1,2,Female,7,56,58,40,55,6.78,0,Not Eligible
STU0389,CSE,1,1,Male,11,62,47,59,48,6.37,2,Not Eligible
STU0390,IT,2,3,Male,21,77,78,80,61,7.88,0,Not Eligible
STU0391,AIML,3,6,Male,21,80,88,100,76,9.67,0,Placed
STU0392,CSE,4,7,Male,7,70,63,60,47,6.73,0,Placed
STU0393,AIML,4,7,Male,18,84,70,73,82,7.39,1,Not Placed
STU0394,ECE,4,7,Female,7,69,54,44,55,6.09,1,Not Placed
STU0395,CSE,4,7,Female,10,83,65,65,73,6.96,0,Placed
STU0396,AI & DS,4,7,Male,9,61,72,62,60,8.32,0,Placed
STU0397,IT,1,2,Male,30,85,79,78,73,7,0,Not Eligible
STU0398,AI & DS,1,1,Male,20,71,73,72,63,7.22,2,Not Eligible
STU0399,AI & DS,2,3,Female,35,100,79,95,78,7.24,0,Not Eligible
STU0400,AI & DS,3,5,Female,8,58,55,52,63,6.48,0,Not Placed
STU0401,AI & DS,1,2,Male,5,80,64,61,39,6.11,0,Not Eligible
STU0402,IT,4,8,Male,16,100,92,86,51,8.16,0,Placed
STU0403,ECE,3,5,Male,22,88,90,94,83,9.49,0,Placed
STU0404,CSE,3,5,Female,7,68,60,58,63,6.67,1,Placed
STU0405,IT,1,1,Male,11,80,47,52,50,5.77,0,Not Eligible
STU0406,IT,1,1,Male,14,55,69,61,58,7.47,0,Not Eligible
STU0407,AI & DS,1,1,Male,19,80,80,64,68,7.16,0,Not Eligible
STU0408,IT,4,7,Male,3,69,71,59,77,7.76,0,Placed
STU0409,CSE,3,6,Male,11,74,55,66,82,6.96,0,Placed
STU0410,IT,3,5,Male,12,66,58,58,52,6.22,0,Placed
STU0411,ECE,2,3,Female,9,73,57,52,42,6.56,0,Not Eligible
STU0412,ECE,2,3,Male,21,69,65,73,71,7.47,1,Not Eligible
STU0413,CSE,2,4,Male,10,69,66,56,64,6.89,0,Not Eligible
STU0414,IT,3,6,Male,7,61,54,48,51,6.17,0,Placed
STU0415,CSE,4,7,Male,25,86,73,87,73,7.54,1,Placed
STU0416,CSE,1,1,Female,20,80,59,69,36,6.45,0,Not Eligible
STU0417,CSE,4,8,Female,14,77,72,75,72,7.53,0,Placed
STU0418,ECE,1,2,Male,7,65,42,51,33,5.08,1,Not Eligible
STU0419,CSE,4,7,Female,11,64,52,50,45,6.53,1,Not Placed
STU0420,IT,1,2,Female,4,75,68,58,65,7.4,0,Not Eligible
STU0421,ECE,1,2,Female,12,59,59,49,66,6.71,0,Not Eligible
STU0422,CSE,4,7,Male,23,88,81,83,66,8.19,0,Placed
STU0423,CSE,1,2,Male,13,66,55,46,77,6.98,1,Not Eligible
STU0424,CSE,2,3,Male,20,76,84,79,81,8.37,0,Not Eligible
STU0425,AIML,2,3,Female,7,61,52,57,66,7.51,0,Not Eligible
STU0426,ECE,1,1,Male,9,77,66,69,62,7.14,1,Not Eligible
STU0427,CSE,3,5,Male,18,87,79,85,72,8.23,0,Placed
STU0428,IT,4,8,Male,20,75,75,71,77,7.84,0,Not Placed
STU0429,CSE,4,7,Male,17,63,62,61,55,6.71,0,Not Placed
STU0430,ECE,2,3,Male,4,55,46,38,62,5.1,3,Not Eligible
STU0431,IT,3,5,Female,2,75,63,56,73,7.06,0,Placed
STU0432,ECE,1,2,Male,16,67,67,60,77,7.1,1,Not Eligible
STU0433,ECE,1,2,Female,5,64,65,45,47,7.24,0,Not Eligible
STU0434,IT,1,2,Female,18,76,52,55,58,6.43,0,Not Eligible
STU0435,CSE,4,7,Male,8,65,65,46,62,6.23,0,Not Placed
STU0436,CSE,4,8,Female,35,96,81,97,67,8.52,1,Placed
STU0437,CSE,4,8,Male,2,78,68,54,63,6.88,0,Placed
STU0438,AIML,2,4,Female,14,84,60,54,44,5.8,0,Not Eligible
STU0439,ECE,2,3,Female,8,56,57,42,56,6.6,1,Not Eligible
STU0440,AIML,2,4,Male,6,73,48,47,52,5.46,1,Not Eligible
STU0441,IT,3,5,Male,17,71,62,60,41,6.3,0,Not Placed
STU0442,CSE,2,3,Male,8,55,57,62,68,7.7,0,Not Eligible
STU0443,ECE,1,1,Male,13,85,83,82,83,8.43,0,Not Eligible
STU0444,CSE,1,1,Male,27,100,73,72,78,7.06,0,Not Eligible
STU0445,CSE,4,7,Male,2,79,62,56,67,6.82,0,Placed
STU0446,ECE,2,3,Female,15,72,65,60,64,6.83,2,Not Eligible
STU0447,IT,4,7,Male,19,84,91,85,91,8.8,0,Placed
STU0448,AIML,1,2,Male,9,79,63,62,61,6.73,0,Not Eligible
STU0449,CSE,3,5,Male,16,73,67,71,70,6.82,1,Placed
STU0450,AIML,1,2,Male,2,55,65,62,57,7.67,0,Not Eligible
STU0451,CSE,1,2,Female,17,70,60,57,61,6.99,1,Not Eligible
STU0452,IT,1,2,Male,11,75,70,73,98,7.57,0,Not Eligible
STU0453,ECE,1,2,Male,2,74,48,48,42,5.31,1,Not Eligible
STU0454,CSE,4,7,Male,9,69,60,55,46,6.96,0,Placed
STU0455,CSE,2,4,Male,15,72,56,58,43,5.84,0,Not Eligible
STU0456,CSE,3,6,Male,2,73,58,50,62,6.13,0,Not Placed
STU0457,IT,2,3,Female,14,83,69,68,66,7.91,1,Not Eligible
STU0458,AI & DS,2,3,Male,4,67,56,61,70,7.1,0,Not Eligible
STU0459,ECE,3,6,Female,29,80,70,74,68,6.97,1,Not Placed
STU0460,AIML,1,1,Male,9,55,45,43,56,6.03,1,Not Eligible
STU0461,AIML,4,7,Female,7,66,61,54,50,6.66,0,Placed
STU0462,CSE,4,8,Male,32,100,92,91,78,8.36,0,Placed
STU0463,IT,3,6,Male,17,82,73,83,75,8.11,0,Placed
STU0464,AI & DS,2,3,Female,20,69,42,50,36,5.47,3,Not Eligible
STU0465,AIML,1,2,Female,2,55,57,41,59,5.89,1,Not Eligible
STU0466,ECE,4,7,Male,16,84,71,72,59,7.05,1,Placed
STU0467,ECE,2,4,Female,12,79,63,56,67,6.76,1,Not Eligible
STU0468,IT,1,2,Female,9,81,67,63,72,7.39,0,Not Eligible
STU0469,CSE,2,3,Male,12,78,69,56,53,7.47,0,Not Eligible
STU0470,AIML,4,7,Female,15,80,62,71,62,7,0,Not Placed
STU0471,AI & DS,3,6,Male,10,72,69,54,78,7,0,Placed
STU0472,AIML,3,5,Male,8,61,52,52,39,6.5,1,Not Placed
STU0473,CSE,4,7,Male,8,68,77,70,73,7.92,0,Placed
STU0474,CSE,1,1,Female,23,100,76,86,60,7.29,0,Not Eligible
STU0475,CSE,4,8,Male,8,68,57,50,69,6.86,0,Not Placed
STU0476,AI & DS,2,3,Male,13,68,67,66,84,7.56,0,Not Eligible
STU0477,AI & DS,3,6,Male,7,71,66,84,89,8.55,2,Not Placed
STU0478,AIML,1,2,Male,15,69,62,71,72,6.85,1,Not Eligible
STU0479,AIML,4,7,Female,14,83,77,83,63,8.01,1,Placed
STU0480,AI & DS,2,4,Female,33,81,92,96,69,9.08,0,Not Eligible
STU0481,AI & DS,1,2,Male,22,84,67,73,65,7.82,1,Not Eligible
STU0482,CSE,2,3,Female,11,68,67,63,53,6.8,0,Not Eligible
STU0483,AIML,1,2,Female,33,84,77,79,61,7.4,0,Not Eligible
STU0484,AI & DS,1,1,Male,12,69,71,66,78,7.15,0,Not Eligible
STU0485,CSE,3,5,Male,13,70,71,65,78,7.79,0,Placed
STU0486,AI & DS,2,3,Male,19,75,79,73,71,7.85,0,Not Eligible
STU0487,AIML,4,8,Male,6,68,57,60,31,7.06,0,Placed
STU0488,CSE,2,4,Male,17,77,66,64,73,6.52,0,Not Eligible
STU0489,AIML,3,5,Female,7,79,56,60,53,6.25,0,Placed
STU0490,AIML,2,4,Female,14,66,70,72,89,8.67,0,Not Eligible
STU0491,ECE,3,6,Male,9,64,50,43,51,6.35,0,Not Placed
STU0492,ECE,3,6,Female,11,67,53,60,55,5.96,3,Placed
STU0493,ECE,2,4,Female,26,90,81,100,61,8.48,0,Not Eligible
STU0494,AI & DS,4,7,Male,22,86,83,86,56,8.14,0,Placed
STU0495,ECE,2,4,Male,23,92,71,76,54,7.84,0,Not Eligible
STU0496,AIML,1,1,Female,24,94,69,79,76,7.72,0,Not Eligible
STU0497,AI & DS,3,5,Female,13,70,72,66,51,7.1,0,Placed
STU0498,AIML,4,7,Male,18,72,70,73,57,7.04,0,Not Placed
STU0499,AI & DS,1,2,Female,2,63,46,37,69,5.95,0,Not Eligible
STU0500,AIML,2,4,Male,8,72,63,59,78,6.86,0,Not Eligible
STU0501,ECE,4,7,Female,11,76,71,64,66,6.95,0,Placed
STU0502,IT,3,5,Female,12,59,73,72,79,8.15,0,Placed
STU0503,IT,4,7,Male,12,61,59,53,55,6.77,0,Placed
STU0504,AIML,3,6,Male,15,75,55,40,49,5.29,0,Not Placed
STU0505,AIML,3,5,Male,10,77,62,67,64,6.92,0,Placed
STU0506,ECE,2,4,Female,19,67,82,88,100,9.04,0,Not Eligible
STU0507,AI & DS,4,7,Female,5,70,73,67,88,7.93,0,Placed
STU0508,IT,2,3,Female,30,88,71,81,63,7.14,0,Not Eligible
STU0509,AIML,3,6,Male,11,67,65,61,65,7.41,0,Placed
STU0510,CSE,2,3,Male,14,71,61,54,77,6.61,0,Not Eligible
STU0511,CSE,3,5,Male,2,61,48,47,60,5.63,0,Not Placed
STU0512,IT,3,5,Male,22,87,67,78,61,7.26,0,Placed
STU0513,CSE,2,4,Male,21,83,79,80,73,7.67,2,Not Eligible
STU0514,AI & DS,4,7,Female,14,75,52,65,58,6.09,0,Placed
STU0515,AI & DS,2,3,Male,5,55,49,37,88,6.05,0,Not Eligible
STU0516,CSE,3,5,Female,18,83,72,71,66,7.47,1,Placed
STU0517,AI & DS,2,4,Female,2,68,63,56,61,6.82,0,Not Eligible
STU0518,ECE,2,4,Female,15,92,67,74,65,7.54,0,Not Eligible
STU0519,CSE,2,4,Male,17,69,62,61,74,6.32,0,Not Eligible
STU0520,IT,1,1,Female,18,78,71,73,76,7.75,1,Not Eligible
